id	clr	W
D_0__Bacteria;__	-0.0379168464001749	0
D_0__Bacteria;D_1__Actinobacteria	-1.1459026849493401	0
D_0__Bacteria;D_1__Bacteroidetes	1.5759822175367855	0
D_0__Bacteria;D_1__Firmicutes	0.011762332576493506	0
D_0__Bacteria;D_1__Proteobacteria	-0.40392501876376796	0
